2479,3002,3326,3370,3444,3483,4025,4620,4745,4788,4822,4965,4999,5067,5171,6177,6224,6277,6650,6980,7009,8419,8452,8568,8603,8645,9265,9412,9469,9518,9751,9929,9959,10095,10532,11310,11368,11607,11652,11723,11831,11988,12173,12349,12388,13799,13855,13903,13935,14011,15131,15166,15351,15872,17091,20737,20775,20973,21280,21781,22265,22491,Status
0.0022700213638310322,0.0011518911747498057,0.0009929758110133898,0.0007188754245270511,0.0021437336228541126,0.0017628027883841387,0.0016026362966195177,0.0008245629584709224,0.002211687846150186,0.0014738451439254123,0.000964481275353221,0.07779753267683613,0.04275274831045257,0.012872424665906107,0.012366462791121536,0.001588281595331765,0.004156679285028028,0.005000210158399525,0.00787862384059194,0.003169034012791634,0.0029658424026262156,0.002135761179465425,0.0012601820852821898,0.003236586248152362,0.002228808120006291,0.0016602435371384143,0.008937705343013951,0.003428051624707501,0.0028224022941279823,0.0022875377459515697,0.0005653718878794727,0.0017531751335713493,0.0016749480625475627,0.002439342879874589,0.0023132120125068227,0.004668307241478087,0.004162977162498851,0.0035552944162927144,0.004171648789874888,0.0019318230725517034,0.0016382136117360975,0.00059620979611515,0.0006754675350241935,0.001586998582281691,0.0013329551554935551,0.0030916574978883,0.0028248232326123415,0.0036706250068939805,0.004072502499570163,0.006841882345583856,0.0009611068718780773,0.0009060791567271028,0.0016592230890063355,0.0005824454532203075,0.00043828867410273766,0.0009172313632612467,0.0010715415221789722,0.0005834113689943155,0.000780666193252972,0.0016445405371702637,0.00042411742510185417,0.0007822388160718735,1
0.001307353796613355,0.0014529369840446018,0.0012270883399397928,0.0008607822585217868,0.0011405260093194595,0.0010180217592000392,0.0009125092186375516,0.0012956763832444383,0.004577837676575826,0.002295729221695445,0.0012324556488169341,0.04984343622880161,0.02392832030897172,0.007441163283415161,0.007530597273769547,0.002104047311292632,0.004919932917590746,0.006124792313156328,0.007381832198468038,0.002956548651624598,0.0038257066710825943,0.0006662358166143167,0.00075663472392633,0.0027184296991798855,0.0017229446856366606,0.0013333600311175534,0.008336086356854944,0.0031457174603656624,0.0025455290410039853,0.0015383131234963374,0.0016976837456579557,0.0012607854148696358,0.0015302932419653866,0.0024320888147283284,0.003076951124444615,0.010535951967241667,0.010557190858978042,0.0021886207498150105,0.00323699398591915,0.0020382196489469036,0.001550440119750172,0.0013066166087553792,0.00101269513309569,0.003039420683459562,0.0023449824636252855,0.01015543185786183,0.00933250336035592,0.009805653687831668,0.010139586274554045,0.018035144211701885,0.0012929109530223919,0.001407270350302839,0.0059742844985426384,0.0010207713275028354,0.0005278749737007177,0.000614981980214456,0.0006561133515893199,0.0005539846528857457,0.0013145138115179197,0.0020733569357991783,0.001082411461233138,0.0021071616584598667,1
0.0019670482833640916,0.0012078744415883382,0.0033856363828764823,0.0008052404513731048,0.0013074610102230939,0.0010104435560391685,0.0013435962657306986,0.0017779380438040276,0.019217540920652542,0.007461637372657451,0.0024155111153067203,0.1138465703867455,0.032276272894285744,0.006503592064785938,0.015178509832357618,0.0036411928794557744,0.004050750032842362,0.007005730115119346,0.007488166271868428,0.003993314021901099,0.002595183658656932,0.0036296113399694897,0.002850578032113766,0.005208386489097872,0.003157653505719599,0.0028210936410670746,0.003329477694534705,0.0011994331262801703,0.0008202943810096986,0.0006075291595674149,0.0032956612562672284,0.006650925669789094,0.0046697532590733405,0.0024286099803175224,0.0011262246411982764,0.0025993685572789495,0.0030048240514710827,0.00222907137623454,0.0038276962193085095,0.0018086244371741333,0.0015446622823052896,0.003188741114044704,0.0011552939588581287,0.0011537577169092126,0.000993366317682811,0.002287288596218561,0.0018952432424879278,0.0022063395192922206,0.002529821902247687,0.00470812182418137,0.0010980360244457366,0.0010985534533385884,0.001244155673605047,0.0006593679776846472,0.00045222756597588224,0.0006795568722031553,0.0008097586419260765,0.00047885024425314886,0.0010976734127838641,0.0017737459005106378,0.0006988903484205147,0.0010127225976025642,1
0.002288149758553972,0.0017448426924069015,0.0015559929499779535,0.000734283552999092,0.0012838707840675085,0.0012247085767294053,0.0011478430526904518,0.0012687887179135477,0.005323124045345233,0.0034366015309597042,0.0018219707493640556,0.08092811487269054,0.04330924244025739,0.011059272043954422,0.011949924504948695,0.0015661863267473625,0.004168551202499193,0.005422198708997132,0.010586418244526519,0.005082189493099609,0.004159035075405921,0.0012942549425362922,0.0016871705811780573,0.0038663319088438684,0.002391645609162671,0.0020071183592932414,0.009516917363838466,0.0027329127958167403,0.002649007674478614,0.00208666276971222,0.000509642222055331,0.0023592717729313422,0.0019684290747905933,0.00198247926464531,0.002130337696293128,0.0056548890296118,0.005811711228878101,0.002870006803692703,0.0032748890351117403,0.0018811206022950593,0.0021420646818801374,0.0009702945240097118,0.0007324524186106273,0.0024659322278034316,0.0020027219900708403,0.003921925044887191,0.004307033532047982,0.004610260702956136,0.004863941464986064,0.00843097152845861,0.0010285996783827324,0.0009856689073077002,0.0023708092881348434,0.0005963767959141509,0.00047568694809415485,0.0010507025259683675,0.001440263858896625,0.0007598874284049167,0.000837541445351573,0.0015961052326728565,0.0004787890868432284,0.0011064961862673815,1
0.0016995045719447731,0.002337354390846936,0.005874876712613903,0.0022026151103962366,0.0017272048760884242,0.0020838665471708743,0.0053101148494277455,0.0012098020604051818,0.00318646085909763,0.0019594068021641102,0.0010657015385788571,0.053008518377636066,0.027201450756718103,0.007472246281883331,0.007475295846870297,0.002009479959126778,0.005251988990242346,0.005098596183096509,0.007298647823398951,0.004474726517686613,0.004026802402343197,0.003952750926393964,0.0027124287258699017,0.004050946432161028,0.0030425347802733546,0.0026989546643501976,0.005461818550413282,0.0022616682606941105,0.0021279571580625173,0.0019941274492265254,0.0007954619545724063,0.0013391909069150575,0.0017356414994578043,0.0016048556912604455,0.0016910173492892292,0.006107168781288477,0.004997727832110508,0.0024506960051807877,0.0027714377569791767,0.00171144407512728,0.0017994632417357743,0.00072044992359198,0.000887896981699466,0.0018105074793450893,0.0015339276153340114,0.004696938675831911,0.004194931200989336,0.004942886465212114,0.005861025269463638,0.009360817938068549,0.006589066431318569,0.006506753654278159,0.005381695293585245,0.002400423147779779,0.0005797362304785492,0.0014121625520590382,0.0016544834363582323,0.0008726846700263355,0.0011052471690479355,0.001482660146000062,0.0007242894830286028,0.0013379399957621878,1
0.002538063211668782,0.0012514284990430096,0.0009778835177299682,0.0006544431135448336,0.0014328928093890474,0.001434080649000246,0.0012656882675932918,0.0011583832677422592,0.00221923309519047,0.0014038090785122366,0.0008960230615126027,0.06253393015613189,0.0297540130023627,0.009083818387454042,0.009418155190291391,0.0024812014160013737,0.0062914191156381236,0.006274171413803009,0.009667538262353064,0.007430587665905555,0.005582163778226118,0.020500773078279043,0.009510413731686049,0.004059889373967854,0.004829186231951665,0.005416726682862308,0.006654737746364285,0.002247451401402758,0.0020647341931678666,0.001612534409269153,0.0005260946424946771,0.001711256437673041,0.0014341575067804797,0.002208012930369848,0.001815676434112689,0.002675998489869217,0.002991450357600002,0.0035269537222393428,0.0038383830640333497,0.001951373912873849,0.0018488973444950496,0.001466654433704251,0.0009827433021120271,0.0025045745780291175,0.00168784621404881,0.0031885839780184397,0.0030392980997079786,0.003881882821168348,0.004583574619541805,0.008398179237633481,0.000592203954020029,0.0005400914679765264,0.0011342355325358443,0.0006421204626499534,0.0005339527799572331,0.0010500702377933587,0.0010903805876573203,0.0006773860395414467,0.0008730716089717842,0.0013132479284196034,0.0006904965898034525,0.0012638257064532241,1
0.001124152569313656,0.0009629794092966187,0.0009996829414017118,0.0008814658196170973,0.0012039497904310816,0.001180072165711842,0.00438109244097285,0.0009009733091956724,0.0010816106142001855,0.0009600846541320836,0.0007042593322153387,0.012248021967365245,0.00892192687172618,0.004613509044182366,0.0029392639450525546,0.0010612097533940629,0.0023782120875989643,0.0032045723609879628,0.0026448895776371812,0.0018842204642054551,0.002474026414796209,0.0007260249608957511,0.0011210438272418318,0.0016402118762812378,0.001375127110539375,0.001547663710446947,0.0015226070626279658,0.0012026950635922228,0.001089159973534405,0.0009953849000663186,0.0013440253349394228,0.0009530653764492663,0.0014382402960937052,0.0024039085990530153,0.0009438784036463411,0.009979782018671187,0.023090115614749752,0.011787199365818098,0.010543050297504882,0.00775021801508471,0.004733895002325898,0.0020460099604757854,0.0008722381987610493,0.0018029088967269568,0.0019106075460900418,0.004784600398988762,0.004854458165146406,0.005607803795718157,0.006553776643346003,0.010054574469716386,0.0028890339275522733,0.003440999717058753,0.005341721552602533,0.001360110729281181,0.000644463665795452,0.0009628738995095805,0.0010028274954378437,0.000825240778441273,0.0007992136529818005,0.0011300912412408335,0.0006121210475946462,0.0008396339952351019,1
0.001142090493531792,0.0010113078753929794,0.0009696668750550242,0.0006628248338053019,0.0010544269106410361,0.0009981160229944864,0.001004213834498603,0.0005798660710548891,0.0018773305312188562,0.0013415568880179272,0.0008509781089804284,0.02943441005834817,0.0175176605062887,0.009142733439691615,0.0056358701131446,0.001716281969166953,0.004001919497253143,0.004610644622479186,0.004554940620735779,0.0033894401485509667,0.00380348493550924,0.004339200831021678,0.003421248886622227,0.002617687747557108,0.0022912136831236235,0.002393698031579613,0.0033244184351072445,0.001209432863115659,0.001145026632452993,0.0009058209681163277,0.002496474920898117,0.001976195493233457,0.002516872286374772,0.002508983420016767,0.0010061955064744326,0.009689980218831686,0.014388177097176677,0.0036479132723312635,0.004528697903989729,0.0037121381657823044,0.0024469182303672515,0.0012026030124868648,0.0007886112751780898,0.00223444795199245,0.0021215105491116963,0.006859678123907367,0.007556516199607144,0.009259882735529154,0.01061456099592724,0.016223436740341785,0.003421268273992982,0.003955796879026874,0.009710636798486771,0.001760707468338471,0.0006008138644205084,0.0011638684211559224,0.0012096268022391977,0.0008095134058733255,0.0007378472972285915,0.001279837949906051,0.0006073137029378861,0.0011002410488504695,1
0.0013207229559011274,0.001019340066759602,0.0008325339587503384,0.0006546548956832054,0.0011380882012285742,0.0011350835810924997,0.003076377019808258,0.0009125904662710332,0.0011091683289351174,0.000969501614678365,0.0006655426376034633,0.045185191544747684,0.020701813691793986,0.00805460755040622,0.0066180244814185735,0.002419423844816463,0.006075449372889494,0.006874364953048895,0.0072579769760006485,0.005273813256983134,0.004693117654356522,0.009757197165941991,0.011112928079934239,0.0053074357913450694,0.004656427314632521,0.006592061570858884,0.005302841875562086,0.0020673405148514197,0.0018161919114177026,0.0018392438720734189,0.0006263688375721793,0.0012979409213583215,0.0016741480389071178,0.0024527535285854864,0.0022681145321398915,0.009043210902993303,0.008934572429389226,0.002866024229807892,0.003876820495671813,0.002489356499868119,0.002273715090190184,0.0010348733450719352,0.000648020457986994,0.002724352428958449,0.002517785463462984,0.005428015562787856,0.005416007652842855,0.006251164726074861,0.007115594841206451,0.011586616722437265,0.0017039453392675903,0.0017818464761990848,0.00457366251212766,0.0008905399582434759,0.0006424907295286545,0.0015040626314869136,0.001855948849989252,0.001119308129370739,0.0009761290099845989,0.0017892899143239947,0.0006999433803856741,0.0014361351750841471,1
0.0018924069243223972,0.001420850847891867,0.0019357605178797345,0.0007907198606522711,0.0010244273287173563,0.001200377169273878,0.00043089581410592,0.0009197433945755118,0.007633202157741983,0.004085565479455667,0.00136419873041723,0.07825361251170485,0.029709811901121937,0.01399233507073574,0.012294687885868122,0.0020193868279190824,0.004373192826992444,0.007081561217351272,0.007650111154587386,0.0076149605401582615,0.005535760458576956,0.0013502088660446083,0.003471324974404963,0.003896794530207409,0.002373470700163988,0.002905160202543572,0.006635515672429859,0.0016938880112543884,0.0021895081047325275,0.002842977490161049,0.0008831882971944673,0.0025270274837585656,0.0025009451862567176,0.0052891080442271435,0.0020975355950531246,0.009156285281831558,0.008877167246868932,0.0030840706058762077,0.004011887049772762,0.0023671787372601507,0.002193106166270229,0.0007992473736775117,0.0008268914849990245,0.002442327040627785,0.002104358574646742,0.0062004055687367235,0.00526061656073122,0.0067994867120002985,0.008335986074299546,0.0120456904724361,0.0023821863715129525,0.002196464904134871,0.004643176418755683,0.0012039913905708328,0.0005129261328075596,0.0007347905167663484,0.0011004807689758373,0.0006316753794971128,0.0006765144678315534,0.0011151623035895344,0.0004279193924501278,0.0011712164129953377,1
0.0010869379045232593,0.0012609644410353702,0.001203395430581773,0.0006126028472950782,0.0008826029929139372,0.000985169285025485,0.001472274629716173,0.0016674887402826153,0.00978638641300525,0.005395262608941585,0.0021534166139976557,0.03424123428419831,0.015808131925001193,0.004932356202196541,0.004294940809911291,0.0017782022363536253,0.0059529655568576435,0.007278251452019455,0.008751595685096541,0.008384602904841054,0.007403522258118225,0.004104875480749544,0.003738034172240794,0.004830740111544218,0.0034256630566749124,0.0037561131873713803,0.00757089300327252,0.0022527992190042247,0.0018725168883315603,0.001355778639290385,0.0015214342327935881,0.0009246037285491954,0.0026219854526038744,0.0047076510438284576,0.0022603912144635633,0.010744739179746651,0.012634346384094428,0.0044119703742918,0.005361380835699265,0.0034121285986936957,0.0023173407437359753,0.0009363416350382048,0.001017011294770135,0.0024393791308085,0.002459547738408634,0.007476704822376583,0.007830328426069682,0.010381362827678372,0.014074916880162413,0.019065977681865433,0.0018270914353937353,0.0020567646903850174,0.00676805875435759,0.0009670500571738013,0.0006434856938621849,0.0009557649328637949,0.0011947547164830026,0.0006566546869501027,0.0015648127850864065,0.0025431651514539713,0.0009539554157589751,0.00207249026627012,1
0.0014090646297292438,0.0017152802112646933,0.0014766864404891886,0.0013257534792434366,0.0015643507337222248,0.0015790940100131145,0.0014521090328017826,0.001985840603739043,0.002356982750287607,0.0018194695981471993,0.0018872678392798019,0.007611598952189729,0.003428371559570778,0.0018769554456324455,0.001817207495237009,0.002290711548095832,0.004125669656172246,0.005289821778614765,0.006563469963853263,0.0027591313382939733,0.003789979940081745,0.0015461770643140397,0.0023119535318506176,0.0035929996702328904,0.002356907329471882,0.001785730376200184,0.0027300539388712833,0.0015355854911100518,0.001673012951151858,0.0018049565569287788,0.0012798620391140016,0.0010505665070087607,0.0011567258379292168,0.001591508191688321,0.0017209278621422028,0.0053472177000201595,0.0050405987263856915,0.0026539062775954524,0.0026890943805341805,0.0019095623486882398,0.001653769402789378,0.001222600099430836,0.0013944834678522849,0.0016817272491742412,0.0014774074760866404,0.004728876559552962,0.004862722821076998,0.0051851918422063815,0.005586098786770105,0.009752644059961554,0.0013445871145456646,0.0013121322068735746,0.0026173316425206266,0.0009019516580700456,0.0009744174951906281,0.0010369433912916933,0.0010416054804212363,0.0010209996923758822,0.0013520269715949706,0.001886268429974167,0.0012853476238626586,0.001686581529359993,2
0.0013555527771915955,0.001266649303071873,0.0010330289685831484,0.0013613472848357218,0.0016517635643289175,0.0015819566749144037,0.0012927025841971025,0.001473651293029012,0.0019469767518167879,0.0018503772069953862,0.0019374111433467407,0.015071724462899793,0.008943397900626855,0.003809544439127004,0.002863528968283164,0.001442501103945298,0.0024911679552801955,0.003869823646656228,0.0033233900851949356,0.002702392753786923,0.003997863375382195,0.0009815143728277111,0.001459538236788127,0.001837259818444347,0.001668842079494817,0.0014652487203034468,0.0022273413928844206,0.0014831152550904476,0.0013209265790097553,0.0011109840736044138,0.0010559843314675902,0.0009932178127701054,0.001014231660806058,0.0016559020196528908,0.0011037420055522232,0.008480544531188672,0.01016965293966472,0.002356951531055333,0.001976753767218968,0.001402677233787594,0.0011307149804339535,0.0009346367473116298,0.00097586509673729,0.000987196562894066,0.0009764811613859248,0.007134453656658196,0.008429580525129083,0.009629448778619681,0.010157746657644913,0.01725641975252117,0.0017175512679290926,0.0018741624234491572,0.005059553291791495,0.0009006850199543527,0.0007037874251276727,0.0007004397563922228,0.0007311486887050423,0.000694686750783727,0.0015133375285194526,0.0026226245675886805,0.0015569925144146698,0.0016373973610878778,2
0.0018422424625114384,0.0010615927569051307,0.0014071367870587797,0.0011028993567106724,0.0013772106957019494,0.001365487730791997,0.010683625143929745,0.0022046334972944397,0.004604224922671948,0.002148125808998234,0.0011458186254930428,0.05186481616954246,0.015566289404992321,0.0038633707750665583,0.006952230787685584,0.0017384294621703453,0.0050465481662372875,0.006199419787775383,0.0062666351605894744,0.004980082038783113,0.004561240585058265,0.0034135335205844842,0.002854434772854766,0.003537073563546206,0.0019798792745517853,0.002062301448689682,0.009742508656539738,0.0022765449139225983,0.003061782757841287,0.0024274692256703694,0.001158705838415988,0.0018109855893696347,0.0016284802239583897,0.0021693840141529756,0.002027706661368104,0.004732558579371948,0.003960430187994622,0.004372849003851298,0.00313690280995533,0.0014567401831744001,0.0019521261099694587,0.0012389372579799981,0.0013290855907169795,0.0021171798576337443,0.0015060726063030778,0.004687083891131977,0.003818609005680708,0.0051698177716869,0.006324778613189492,0.011396292950378395,0.0014272098726921408,0.0011563282355664594,0.002346140425006205,0.0009814606457588116,0.0008325298009139578,0.001368636348498024,0.0016581731567506144,0.0010577556538552294,0.0013838060291987441,0.001787627009415039,0.0010191492108703134,0.0014880326210228215,2
0.0015910072864035187,0.001412804124923679,0.00165042416255691,0.0013835693422779636,0.0015944256317293008,0.0015643724476512783,0.0016547023108937585,0.0012517363010533318,0.0017173595667216849,0.0014408596184907476,0.0011368005277826447,0.00817929709378647,0.005415896275160777,0.002480654911969499,0.0022387270966258426,0.002359008324330016,0.00375257918975119,0.003388235054845091,0.0029283938241543707,0.0017311940921900615,0.0019720292474385637,0.00369988235369058,0.0028190472333746797,0.004306818222031969,0.003480117377241735,0.0029791279066454313,0.001349922149722445,0.001116018272661261,0.0011323222562894097,0.001103381779500276,0.001086621882370876,0.0011889639858101311,0.0014916214986992347,0.0011692935885814237,0.0010235049189895313,0.00789538813198279,0.01218096184740447,0.004303887509899493,0.003836985948345764,0.0028211930180562185,0.0017103280748072354,0.0012474797528920015,0.0008053238529821812,0.0012026396284884767,0.0010355671042339915,0.006590172796630591,0.005840000186814662,0.005361576320136052,0.005434990413893975,0.007271740157326608,0.001878138445066007,0.0020358818350836158,0.002962956068653625,0.0010124178635150017,0.0007697869220925966,0.0008008433163322437,0.0007911377232147494,0.0007883965952103747,0.0010727206710130048,0.001796664816201677,0.0008506831293778031,0.0008616204135149809,2
0.002461643315289278,0.002169938308230229,0.0018034188783860854,0.0009549767879683097,0.0016810489656723293,0.0014048047208997207,0.003044987690567856,0.0008506731053714851,0.0126629488683206,0.007650175073678061,0.0034435970098200415,0.09144972695481587,0.03672137067999589,0.005995780711443718,0.012909626953464561,0.001903831847630352,0.008488483762199113,0.009676765375572686,0.01261600435204579,0.005999070510537094,0.004725352309144805,0.0026638495881961886,0.0017717205233411183,0.002184312991703298,0.0019002554289437664,0.0018208593146949081,0.006295297029614246,0.0022458050509582225,0.0018696900010496693,0.0021636331421355857,0.0016951433851245062,0.002071906079324776,0.0017645851008359782,0.0022962846087460323,0.0020933912903564706,0.008789810267742563,0.006950601191014186,0.0034390165418840346,0.003903976542604197,0.0026012434386703427,0.0019972455973433973,0.0008581548493308591,0.0009096455848776045,0.001542465574087034,0.0012047966986663762,0.005871967804217535,0.005186988909953463,0.005925120759802045,0.005770616091125493,0.013367909829435016,0.0013206076205645846,0.0011721441307780613,0.003738121524615609,0.0008602956580551814,0.0003540308806955698,0.0003367092817307813,0.00035611322214264464,0.00024378887083055515,0.0015861496144205368,0.002775208077546087,0.00136460116840306,0.0021086223270290754,1
0.0014757076464234193,0.0009393634160576321,0.001261718310390182,0.0006459023613863552,0.0009772520164628275,0.0010221271214377096,0.0010667140852189804,0.0007227168621773442,0.007937170380727564,0.004414057191337393,0.0020590925368739015,0.0663525061047459,0.03283785930514631,0.008607872832627376,0.009001476179629346,0.001762563224385371,0.005471786389301104,0.00675854563639465,0.006433180948685917,0.006622262032075235,0.004928713815266786,0.011846201993469798,0.011229602866562882,0.005817578244868883,0.0055041284281902355,0.008802937907402638,0.002603307375733982,0.0011355770938262023,0.0008973533342054301,0.0007815948692761133,0.0009589292544093256,0.002281434143547803,0.0022941842417165174,0.004717750499876932,0.0009907196381029018,0.0077127227200644395,0.007876672160797571,0.004113187922485968,0.0047519894654728745,0.0026996187300017934,0.0022268324796727284,0.0009180559831442765,0.0005675772236463547,0.0019181007002210162,0.0016043249317848523,0.004247496744674591,0.0036938095838650103,0.004767113707304455,0.005734577814665622,0.010174299277506625,0.0016088644794040507,0.0015790004881075367,0.0031959763120755808,0.0007624268571919052,0.0005446275532467793,0.0006309123619532279,0.0007686225716799326,0.0005316728751780427,0.0016205798376737613,0.0014952975080093174,0.0006756348490926071,0.0006655278404754716,1
0.0018907683597118796,0.001556964711086109,0.0011995804343487974,0.006082254022110503,0.00803440651673762,0.007946421174634032,0.0014490628061224749,0.003918026779007605,0.007079215007709218,0.003880796119510042,0.0025108506163455504,0.013623026003803683,0.007976331249660462,0.002391545413589152,0.0020357690824727216,0.002833656302261023,0.008016747468579395,0.008597781587033379,0.01113175821646012,0.0020778538151035677,0.0031021348792837724,0.0017459904663200336,0.004943641263834087,0.0037737003110489345,0.002823143975368307,0.002156602605400766,0.004031603675960806,0.0012680099930688666,0.0013275799795606537,0.0012096647416064076,0.0012093101583742522,0.00048161800245231576,0.0006539807240655235,0.003747281701326559,0.0016059677673971443,0.008111218991552696,0.008265684490458792,0.0034178672697161043,0.0051119050340375895,0.003605782208768818,0.002211732995836001,0.0008691433473096368,0.0009452474634082384,0.00206389465077206,0.001883273027945905,0.005788357010400359,0.006488473104564358,0.007375874198492339,0.007070259627842711,0.013034944885471413,0.0011133935628088476,0.001240296338414855,0.0037307572924754648,0.0009649989972741535,0.0006306917367857346,0.0006408997542116721,0.00073175307590757,0.0004875316953918709,0.0011012416704298878,0.0018057274227402664,0.0009275407915114036,0.00108290070047117,1
0.0023698469186548147,0.001463939412363465,0.0013446407266918955,0.0010677815860154118,0.001689771747980258,0.0017840809459187326,0.0010892406329713672,0.0010347657990260211,0.0023043229698703578,0.0013352314724101365,0.0009056338856830086,0.060160361667858035,0.030549084620123353,0.009264202579276171,0.009645696880727458,0.0018202593647553313,0.003444684780174582,0.003511873352534217,0.005223298300131833,0.0020202026831578836,0.0022278397623145814,0.0009477845213423815,0.0010421586589866776,0.0030840341091856478,0.00220677988974053,0.0014911392963796693,0.0031003154352566764,0.001401198109579645,0.001377880476285108,0.00121926348513175,0.0009416312869263486,0.0018340365080497406,0.0018575997838371986,0.0021817419218192685,0.0009466332723724393,0.0030778780642589853,0.003345786745770333,0.0022749681113143584,0.003313144508606008,0.0019952812653231244,0.0017560257739253089,0.0012234951617144773,0.0007453207014444241,0.0013681574106356432,0.0010695819502501605,0.0028299550358939925,0.0026270509545138435,0.0027580124103391227,0.0029538656339681956,0.004657694658085019,0.0013034938443696486,0.001255022817042535,0.0015674754782295168,0.0007849618075403914,0.0005793720088496941,0.0006195042550021139,0.0006762323901440624,0.000557399882288202,0.0007861137996627387,0.0010450036017192502,0.0005935465690058419,0.0008247018368296559,1
0.0016561230660489617,0.001079206460756762,0.001312837523863482,0.0008631008332080847,0.001782418567662379,0.001545478043630682,0.0009250920821406165,0.0008906379912615522,0.0029962683159985046,0.0015621179923840506,0.0010668581653040556,0.05074170419477008,0.026705621658973003,0.005509689549618929,0.006525749616750433,0.0032080835451409324,0.006302996058563663,0.006195699969490398,0.007864909830747878,0.007295093295139785,0.005123130271575386,0.010565725253955157,0.00563495187069134,0.004984763481789476,0.004569461869332045,0.0038223729615012515,0.008291902178610297,0.0038862908588527447,0.003307861714670288,0.0028914992295559472,0.0008355563208342309,0.0010343825539046603,0.00104422970724959,0.0013348454672684144,0.002600977844938272,0.006120556958709758,0.006181946816672993,0.005234529666968068,0.00407740103835797,0.001785550911404375,0.0023675583891232853,0.0009609463869856298,0.00099678143088952,0.0016120572529444144,0.0011987185173343317,0.006506169239729122,0.006816979009198012,0.009659529414786271,0.013513065022980062,0.011659334543834122,0.001860777558101955,0.0017368142921644811,0.002999840788214661,0.0011908647057660086,0.0005097526464767512,0.0007016110076313082,0.000818320661924134,0.0006030211102380506,0.0011712959567931668,0.002705880374471391,0.0009700302890280107,0.0011593486732534536,1
0.002467487038619817,0.0029263604669782415,0.002500625902935603,0.0010250792684977665,0.0014638297928388192,0.0014583150920180641,0.0011447789056191864,0.0012396121659438164,0.0053584819951898194,0.0026918774996272372,0.001400002276123873,0.05527092745334565,0.021724017967551374,0.006230134684108549,0.008044336653405725,0.0020383763434210066,0.005281836451164065,0.005752511896030139,0.0090369631882642,0.004540822216626322,0.004353264471166052,0.0014320048738221817,0.0017762717705409384,0.0036685775461661545,0.002198131207518213,0.0015460877566650637,0.004905703482989585,0.0017706316229016293,0.0016307563434758603,0.0013766199132845018,0.0010197150384921021,0.0015078585918654737,0.0012792756189127848,0.0013106340977288775,0.002519593116519341,0.003373621970444601,0.003597080279826857,0.0037903164114977015,0.003595922042662186,0.0015412427341176128,0.0014959889586025374,0.0011015136406245802,0.0011505658577015208,0.0021082248590823627,0.0013406245792975501,0.004180386551284012,0.004200303905792245,0.005169070175399097,0.005668294699642314,0.010358894748086976,0.0009632152993646026,0.0008778373818783154,0.001585859723243127,0.0006924840972797536,0.0005534791282933392,0.0008899169002817781,0.0010325971080375335,0.000638161486535564,0.002117104816858004,0.0021787329811906067,0.000962342346173552,0.001391796074396903,2
0.0016963060077996037,0.0008681604537711436,0.0009927286475609816,0.0009556002461774343,0.0011374395652686627,0.000991418747534793,0.013074005353741537,0.0009413388040838335,0.0020107493024992197,0.0009913510026189941,0.0007444160576080532,0.035347115424022225,0.009037554508813654,0.0024115466317504745,0.004411704466000196,0.002051573248244177,0.00742044709851501,0.007597777716277582,0.004640927766151708,0.005211555304666295,0.007599068546521887,0.004091276881227693,0.0036509056846214124,0.00982076002744131,0.004098917078770728,0.0032806510923236226,0.0024049405918388188,0.0012306029310832265,0.0020113380990982622,0.004288989132186129,0.005605018669227546,0.001110863731100389,0.0030208529039787635,0.007220637421542185,0.0019250604371123406,0.006433482987854688,0.006647555408937289,0.006920884538207558,0.01165532158247785,0.0048935701340570995,0.0034437708019605,0.0014746402739593749,0.002278213269945028,0.0031309543289807207,0.001941441806783955,0.010159348175124677,0.008353537489484497,0.010752531046807217,0.011901432270811106,0.03195790768728669,0.0028755205196646437,0.0017320371342389588,0.0028200296065608067,0.001628942225471144,0.0009206543877712548,0.0016011356216059387,0.0020569242692481723,0.0010337371756894687,0.002422288845839281,0.002172561867068264,0.000743657858211806,0.001014747499783933,1
0.0021284841227627678,0.0015708906325384274,0.001527263240739688,0.00094936484952725,0.0017596004176878464,0.0015430845221484403,0.002864744649137062,0.0008910021463768398,0.0021167292892033305,0.001140795626551216,0.0009814341702010182,0.05912842628190632,0.02839549371607281,0.007409584259785014,0.007759873745087349,0.002598658116020441,0.007060298088849985,0.00723827109316009,0.009587170850428975,0.0022833782208322973,0.0029356002723002427,0.001501395424249946,0.0013449341453073815,0.004955139590030288,0.003183879281578886,0.0017920762005396256,0.0028628622798452597,0.0015688734114262175,0.0013289750859028892,0.001144984791352502,0.0006655446472804858,0.0013070773614074808,0.0016419879554689302,0.0027257022943438154,0.0021424585590360755,0.003957091234771406,0.0038720366651557904,0.0038673562418090456,0.007062547013805456,0.0038323379341295796,0.0025447903706186433,0.0008365186504263836,0.0009434676400972216,0.002104065101328718,0.0015585346861109696,0.0032128149078787848,0.0029825589108942395,0.003335594986254946,0.003769868334511596,0.007684563153732778,0.0011104708334255021,0.0009871439886697346,0.0016013421987207638,0.0011225834780577107,0.0005308530024529222,0.0005816872364029969,0.0006541799477202527,0.0005227913523171931,0.0010143152545990625,0.0011934409614084106,0.000611428082589763,0.0009445295678990096,1
0.0012592452281004007,0.0013911219283533392,0.00190675959018549,0.0015805082110306574,0.0015084061747945936,0.0015890496590896732,0.002622654213209817,0.0031625815211476895,0.005707645889959327,0.002743878216670686,0.001846704524827546,0.00512646453875556,0.0026594821379710026,0.0014042492268776725,0.0015675919652590976,0.0032614181142049613,0.005980092063441891,0.005433768969077316,0.00543112771901699,0.0031033250003722553,0.00286229086880735,0.0020455634241759607,0.006402968504241513,0.002530998869671875,0.0016845865506362808,0.0016721044371081587,0.002347596970664364,0.0014841845306969726,0.001717853824994471,0.002609432449528893,0.0017195700854265102,0.0012295613585584955,0.001437647529623893,0.0016608371900038875,0.001585360054873701,0.004284822125194922,0.0036409056059513393,0.00202374398929108,0.001969768590786537,0.0014834975884126334,0.001364670071911159,0.0012126202404309956,0.00123687451467995,0.002874741274053164,0.002301227972119859,0.004861503926442223,0.0047924324643829576,0.005021326351746312,0.005857625951215999,0.007463205347180518,0.0016284345081147332,0.0014727755335054947,0.002363072162870542,0.0012015422128116963,0.0009806932132300954,0.0013543566068059472,0.001423494807937858,0.0011310662132665266,0.0015585175804240642,0.0013690791827692746,0.001144296997999457,0.0012123869316864669,2
0.0027414136871493962,0.0013267187953793988,0.0011253635193993392,0.0011429748907747085,0.0015269956554726934,0.001346930200683104,0.0009354977760004388,0.001052661998885393,0.002503935707964464,0.001509022181793345,0.0010747947430732752,0.07499295397491762,0.027539543152493944,0.008052898674038399,0.010466702547165847,0.0014811365026294277,0.002622689854652512,0.00332034631194288,0.003112821296669207,0.003589436544253105,0.002801177110680298,0.0019302108645836858,0.0013169803227350001,0.0024419241703206454,0.0020753302346317422,0.0021040065641203865,0.0027194052561751924,0.0012414563116489863,0.001096307995667874,0.001074581866075675,0.0015011209901394178,0.003306651207907077,0.0025937034931207605,0.0017970067130268904,0.0011825245033938398,0.003622697151704429,0.0029194504191484586,0.0020254693633790207,0.001681358862031185,0.0011146079094151154,0.0013790418809364587,0.0019420678126174935,0.0013164950767088925,0.0009537943905937713,0.0010175228168116412,0.0026887312607039664,0.002502525484759485,0.0033813006345225806,0.0036447973619539685,0.0061386184371664265,0.0017176153450661712,0.0013409391371185153,0.001645216944511134,0.0009278436331538949,0.0006891540843827082,0.0008033625852346717,0.0008300010810454793,0.0006051110393035123,0.0011520329515285232,0.0018220459669344652,0.001094780607271526,0.0014112041444074197,2
0.0012681149111773192,0.002353941997920642,0.002088627160730139,0.001393644511774235,0.0013370320990931496,0.0014586377877965156,0.0020760602212400434,0.003883135840455891,0.005682709289697776,0.0028892264389106595,0.0018947261413157313,0.009187870506835814,0.005075057537385615,0.0017892823740768477,0.0016822470418936196,0.0025524403829860027,0.005088458580808848,0.005187207033519435,0.004196458073059828,0.002336209935549902,0.003066239524023366,0.002719052816034924,0.004519785616435453,0.00355341728716161,0.0024595338821115963,0.0024642711298514504,0.0021363732086648437,0.0014212834326794948,0.0012938957761987257,0.00138153974855762,0.001402001675669625,0.001414777005721634,0.001704252104273287,0.0018573061164907563,0.0019760775010964496,0.005076125251004562,0.004767856233115172,0.0021457991527075375,0.0025662917232534077,0.0018916070774281546,0.0015209864904631534,0.001126464737474559,0.0012155478792733642,0.0023769706823691013,0.0021362593943410517,0.005019704402907269,0.004171922617189894,0.004387658718010908,0.004850900372589759,0.007904827825712725,0.001134207505152899,0.0012008947895279555,0.0030194321370213277,0.0014086773482881246,0.0012269432656988135,0.0011845726465543123,0.0012645446409864183,0.001142069019666159,0.00142343551845979,0.002064725554980193,0.0012224136106034394,0.0011450716848336805,2
0.001352072858402277,0.0013515758721319789,0.0016197124453639314,0.0011839115857762304,0.0012577383987546255,0.0011927509625140305,0.0012516099592152676,0.0010427992376958585,0.003340020554972526,0.002173883333142848,0.0015000321785249506,0.020978173358995857,0.012483431683994184,0.004528939215350799,0.0036087281327079447,0.00160164122515741,0.004031837221639873,0.004192148817840122,0.0032844313592571847,0.002132142259497874,0.0024128960199733276,0.0018321837667874873,0.002233144007169814,0.003916241000670669,0.00305661695746767,0.002333659372935008,0.0019552773771332283,0.0012253633732641313,0.0010142102517881916,0.0009627474410028126,0.0018135894796792805,0.0017295487880944172,0.002043498951718053,0.0020246075562518977,0.0014109480354096136,0.005402355526636253,0.006461856181101329,0.002313474192673769,0.0026879826471986213,0.0022446215080883136,0.00187951844465053,0.0014038224569228042,0.0011104065190741233,0.0016847042447208091,0.0016327593912935502,0.00529794958140194,0.005584755148714361,0.005489138176008918,0.005654220421351103,0.007984627151526735,0.0019237399388978647,0.0021217814272479385,0.0041978282456147115,0.0014669803629437967,0.0011461853413655063,0.0009116440401963664,0.0008465624522624328,0.0009532961339181205,0.0012285838774693466,0.0020048429187393647,0.0011178147603102782,0.001609139420823856,2
0.0015168613100441167,0.0012518055114573421,0.0011891375841695006,0.0012051268685486134,0.0017931131984305175,0.0014499129651558205,0.0011856180171126145,0.001186640453155095,0.0016215068925377071,0.0010532041638705216,0.0008478146688163168,0.029543318895691558,0.015361579396819225,0.008620378696522159,0.005238878063226681,0.0016035449620996976,0.0022421707454331405,0.0028485257628885407,0.003965941599214074,0.0022561309986077176,0.0024302212786227215,0.001866418857611248,0.0015405962291608617,0.0026214495043801822,0.001915617468634207,0.002204505144799366,0.002569320477219316,0.0014450178144283217,0.0013372594493280695,0.0011612464020011365,0.00100080455540536,0.0017334116332104151,0.0020044655584884547,0.002187376393442396,0.0014843867803685268,0.0046804507525844245,0.00466136251981829,0.0016625274793115783,0.002539844639603086,0.00219438500966567,0.001532903916357992,0.0012451242345725751,0.0009271990507375439,0.0011559616263287394,0.0010589225391593121,0.0038334712447102015,0.003426704789065336,0.004091965593967014,0.003924897227574172,0.005783253058086727,0.002123969891361057,0.0021235508226551607,0.0027836825600018925,0.0013219266688924885,0.0008496227527147601,0.0009931738149242613,0.0010184648318612597,0.0011358068401017933,0.0010106503498615777,0.001431944762647942,0.0009619449340372871,0.0012065520050372177,2
0.0010388030448789825,0.004148863679346323,0.006551942636669983,0.0014052997005155631,0.0011063142997544666,0.0013633885439469538,0.0013545378027922026,0.0013864541282820981,0.009253707077297122,0.004599911063330513,0.0020099762557432253,0.0323282214742365,0.011931949317399906,0.0038343818469496207,0.00411190010549385,0.003406098859534735,0.009139066275328985,0.011013265794342681,0.012547311449080976,0.010065949459566908,0.007645171981720801,0.009589744215387126,0.01062436619770222,0.006232036960748433,0.005802157805337627,0.006701477871467143,0.007978456550750714,0.0015606206404136303,0.0017421090000060682,0.0015981077637251214,0.003354221932329563,0.0010279175371627535,0.001527078884780424,0.002055160869725616,0.0034259782152528963,0.008817417463508294,0.00819719105875043,0.0043950400939685936,0.0038758964899110694,0.0018865309350714389,0.0022570580268902168,0.0012764149928801228,0.001962177920394484,0.0021519348600431954,0.0016155099364089237,0.007909914811000894,0.006231818111728358,0.007941008000710273,0.007915832356870038,0.015691824646289217,0.00330791463692494,0.002757890632479318,0.004976481957307848,0.0017642601210589245,0.000628722627440442,0.0006662751699062413,0.000785492881213215,0.0005226981457478562,0.001864329279364974,0.0034631437458810823,0.0010382736762348966,0.0016511538844071545,1
0.0010768333320394208,0.0011380690162060918,0.0013634371294584623,0.0008450496988472345,0.0010022076830785481,0.0012679762039283777,0.001006907828837376,0.0010377309862113192,0.00129389195346126,0.0008441347178300115,0.0007390109286893884,0.014525354065446224,0.005249429489293689,0.001688087029976308,0.0021707505491373735,0.0013618084523486908,0.003663819942362441,0.005572919618247684,0.006952921531260338,0.004663385543881844,0.004654290411176088,0.004732977713680388,0.002691976622181559,0.0031552477773127223,0.0032238883991118888,0.0041868835843906545,0.004109974171770655,0.0019130752942586623,0.0015529844275120634,0.0013357054064698252,0.0006481070914515216,0.0007870637658467302,0.0008116391848280777,0.0018247498449663687,0.001680903612818177,0.010172022190181451,0.04306542969594489,0.01512733353463968,0.010849415974875891,0.0065265726552805915,0.005426389828149393,0.0017961868097239777,0.0009812767600138193,0.0013041587491980896,0.001035598404325745,0.002656518137448104,0.0024093590497170623,0.003059692507092202,0.0033480506303232046,0.006927662361996308,0.0009772547300738847,0.0009051284552522424,0.0018239337263008593,0.000624035947997644,0.0007521475333260523,0.0007003226073790301,0.0007262970933407769,0.0005336459746326757,0.0013240449129209501,0.0022322579188082466,0.0012430541799374392,0.0014529930307766923,1
0.00200545810997796,0.0016597088258072299,0.0017627472659211948,0.0012961650713339064,0.00165395748060344,0.0014312336077310333,0.001264817689433378,0.0026839355265446804,0.006220252633310911,0.0029289524359665,0.0016152046969861206,0.040113018196363974,0.012920810070834846,0.0042528830582997165,0.005249609103248899,0.001658516080293492,0.002870077018468579,0.00321093990413093,0.004424921357872047,0.0023593103739886234,0.0026998987548704605,0.0015742774115655442,0.003056185598387739,0.0033939942532542045,0.0022691586245439936,0.00170505503737213,0.0024472003090721035,0.0014728262468259932,0.001321470801650338,0.0012736569263237937,0.001482915226277372,0.002143672314262701,0.0018988245699478852,0.0014589955803766654,0.0015089360163856856,0.002417025349724988,0.002906789682261853,0.0017916268627278314,0.002263315816885239,0.0014873496856817828,0.001395314486646258,0.0011529061577258636,0.001017390709469809,0.0013243071855535535,0.001304364057668443,0.002806066017225097,0.0024798052407672758,0.00256225942755078,0.002897545525813827,0.004292941359589937,0.0012231755046904743,0.0013343702638101348,0.0017268540802265811,0.0009978029329136137,0.0009122228211636027,0.001010317180267138,0.001159666894124996,0.000997591955305473,0.0008926420471434504,0.0011957828068555844,0.0008549483361000186,0.0010142580182505051,2
